method,session,dprime,v_target,v_nontarget,a_fit,a_policy,v_moment_T,v_moment_N,emp_hit,pred_hit,emp_fa,pred_fa,emp_rt,pred_rt,timeout,nll,n_trials
snn,0,0.5243542,0.470357265876828,-0.2393159259714489,6.339194437129447,5.7213235,0.4072920010086621,-0.23708903512902732,0.8571428571428571,0.895047748283022,0.24285714285714285,0.27003177389470623,7.0,7.035259642683832,0.9375,177.86881004195456,560
snn,1,0.5811095,0.35138132744277617,-0.22837531455974602,4.224132520077171,5.162538,0.3544084770332185,-0.3288203008600245,0.7540983606557377,0.8447896653046701,0.22950819672131148,0.24727987830622591,7.94672131147541,7.886674204924558,0.7131147540983607,613.0846628311924,488
snn,2,0.5808901,0.2613835881427392,-0.1474654350791556,4.65417986732888,5.164488,0.28388154994558684,-0.22372164088829352,0.7619047619047619,0.76928150961913,0.2698412698412698,0.33044085350405444,8.007936507936508,7.969589335744283,0.8055555555555556,468.47091991190825,504
snn,3,0.5320676,0.2753937986590052,-0.27743803589536487,5.818381547947175,5.6383815,0.27943764746673505,-0.27684364016451674,0.8333333333333334,0.8000238283476135,0.17316017316017315,0.18968791449004224,9.327651515151516,9.320254340469457,0.8011363636363636,470.56243949723705,528
snn,4,0.5368283,0.2513224298186378,-0.2789925463199425,5.136731360697284,5.5883794,0.30299365566561165,-0.27076999063499846,0.7352941176470589,0.7423108873116911,0.2668067226890756,0.2467653647348682,6.3713235294117645,6.357541656729717,0.8805147058823529,299.6441341248226,544
snn,5,0.62880516,0.28221605986278914,-0.2989244619917135,5.081644563727455,4.770953,0.25192929554613464,-0.2816161256061076,0.819672131147541,0.7938944466910339,0.17330210772833723,0.1847253112327419,8.336065573770492,8.290516286396207,0.7315573770491803,541.3720477975738,488
snn,6,0.63467234,0.13387192439452417,-0.28940566643661025,4.47553600198031,4.7268486,0.13092581865934438,-0.3294333143358477,0.6190476190476191,0.6475583364644567,0.18140589569160998,0.1962114363695133,7.783730158730159,7.860019976947082,0.7043650793650794,612.7457990451519,504
lda,0,0.8958428,0.49780866898173237,-0.4537048363225018,3.88375438725468,3.3488019,0.4554751678923484,-0.43247669436686004,0.8857142857142857,0.9015715180599843,0.08775510204081632,0.11469746681141825,6.071428571428571,6.04511685608014,0.5357142857142857,855.0107395089088,560
lda,1,1.1175566,0.6199796217872221,-0.4259993865974029,1.9435011936547173,2.684428,1.0753850854600975,-0.6412331031832065,0.8688524590163934,0.9431943568637724,0.1405152224824356,0.13281567462915314,4.362704918032787,4.346571266992118,0.13114754098360656,1158.3689661841836,488
lda,2,1.1068575,0.42695224003625787,-0.5519976583466084,2.965625573662296,2.7103758,0.3278299809816419,-0.5273535745273372,0.7619047619047619,0.8825520042914831,0.061224489795918366,0.061247106600290556,5.454365079365079,5.457832138688485,0.2261904761904762,1080.05194372946,504
lda,3,1.0763248,0.130089131198249,-0.5188422810981477,2.9880608866655622,2.7872627,0.1272576426369071,-0.48550711113876716,0.5606060606060606,0.6516786073070261,0.06493506493506493,0.057963521323500466,6.174242424242424,6.143300347913555,0.20454545454545456,1223.2980262816695,528
lda,4,1.1092529,0.22092355725127683,-0.5204181763884841,2.833606110899981,2.7045228,0.2037534554226841,-0.5157336864073754,0.6764705882352942,0.7060894737845472,0.0861344537815126,0.09961822333574102,4.8786764705882355,4.819643843911702,0.3915441176470588,973.8411133754599,544
lda,5,0.99652433,0.47360626263022937,-0.5287205321803337,3.2911299115087878,3.0104635,0.5617509240179968,-0.4821682272913738,0.8852459016393442,0.9161717117213733,0.08196721311475409,0.06467761613553023,6.065573770491803,6.031187183155177,0.22540983606557377,1073.2204178341797,488
lda,6,1.0907497,0.5496179308852726,-0.44985104489085354,2.259533487145985,2.7504017,0.7824835134394968,-0.5621778003975364,0.8888888888888888,0.9300273566100988,0.11337868480725624,0.1103052494964839,4.817460317460317,4.844412432276438,0.16071428571428573,1170.1103451654785,504
