method,session,theta,emp_bacc,emp_rt,pred_bacc,pred_rt
snn,0,0.5,0.7571428571428572,2.767857142857143,0.7399252099759066,2.445446556308768
snn,0,1.0,0.7989795918367347,4.935714285714286,0.7977158271100183,4.439968160844725
snn,0,1.5,0.8071428571428572,6.0625,0.8120970449316521,5.715880008208696
snn,0,2.0,0.8071428571428572,6.671428571428572,0.8128389849443631,6.411023253016542
snn,0,3.0,0.8071428571428572,7.0,0.8151785901970416,6.967207859356441
snn,0,4.0,0.8071428571428572,7.101785714285715,0.8121687516547644,7.106043238949764
snn,0,5.0,0.8071428571428572,7.132142857142857,0.8158320922374384,7.136384448209522
snn,0,6.0,0.8071428571428572,7.142857142857143,0.8161214586939775,7.141952303702335
snn,1,0.5,0.6569086651053865,2.1352459016393444,0.6975636709686686,2.2874880809198284
snn,1,1.0,0.7365339578454333,3.942622950819672,0.7643359635077639,4.430772152691997
snn,1,1.5,0.7517564402810305,5.577868852459017,0.7895480402283919,6.145731018564009
snn,1,2.0,0.7622950819672131,6.629098360655738,0.7963002976044518,7.250212457739394
snn,1,3.0,0.7622950819672131,7.94672131147541,0.798130385060199,8.355280812878203
snn,1,4.0,0.7622950819672131,8.432377049180328,0.7980012776967669,8.761917093731492
snn,1,5.0,0.7622950819672131,8.635245901639344,0.7977292397791796,8.911053993743655
snn,1,6.0,0.7622950819672131,8.788934426229508,0.797427891134723,8.969197186061779
snn,2,0.5,0.6621315192743764,2.5515873015873014,0.6431225253298833,2.3263466554963825
snn,2,1.0,0.7165532879818595,4.511904761904762,0.69380753580537,4.5139247805904805
snn,2,1.5,0.735827664399093,6.101190476190476,0.7126685922936971,6.18841505319557
snn,2,2.0,0.7426303854875284,7.023809523809524,0.7177756094021788,7.209081155664128
snn,2,3.0,0.746031746031746,8.007936507936508,0.7196570192947401,8.150248999068944
snn,2,4.0,0.7448979591836734,8.438492063492063,0.7200204208834291,8.465751436653049
snn,2,5.0,0.7448979591836734,8.545634920634921,0.7186019232325322,8.586046213535136
snn,2,6.0,0.746031746031746,8.595238095238095,0.7202420487294264,8.644689054989225
snn,3,0.5,0.6850649350649349,2.5056818181818183,0.6994813638129561,2.4675140697462794
snn,3,1.0,0.7911255411255411,5.134469696969697,0.7723245249954725,4.928869509790264
snn,3,1.5,0.8160173160173161,7.098484848484849,0.797824317304803,6.838433438098956
snn,3,2.0,0.8300865800865802,8.232954545454545,0.8038522663548555,8.05509107679525
snn,3,3.0,0.8300865800865802,9.327651515151516,0.8051621642727019,9.257978980563863
snn,3,4.0,0.8300865800865802,9.691287878787879,0.8051525402191437,9.669429220608832
snn,3,5.0,0.8300865800865802,9.823863636363637,0.8050546360849294,9.795558575620127
snn,3,6.0,0.8300865800865802,9.846590909090908,0.8048880256828936,9.83287069480612
snn,4,0.5,0.6838235294117647,2.4044117647058822,0.685674797480692,2.3554819616403546
snn,4,1.0,0.7268907563025211,4.21875,0.7329129819432589,4.141838249234162
snn,4,1.5,0.73109243697479,5.268382352941177,0.744968350666448,5.284851611296797
snn,4,2.0,0.7331932773109244,5.873161764705882,0.7472030627288248,5.9115048726212525
snn,4,3.0,0.7342436974789917,6.3713235294117645,0.7475105588341815,6.431180964995657
snn,4,4.0,0.7342436974789917,6.5275735294117645,0.7473934693951543,6.575127568635025
snn,4,5.0,0.7342436974789917,6.582720588235294,0.7472500785259429,6.6099580094595645
snn,4,6.0,0.7342436974789917,6.612132352941177,0.7470849694215242,6.616600584056506
snn,5,0.5,0.6569086651053864,2.401639344262295,0.6925424426391771,2.115178733064123
snn,5,1.0,0.7599531615925058,4.422131147540983,0.7611904337021481,4.029687448592296
snn,5,1.5,0.8056206088992974,6.088114754098361,0.7918769175427831,5.701858161536957
snn,5,2.0,0.819672131147541,7.114754098360656,0.801404554308625,6.860558238098037
snn,5,3.0,0.8231850117096019,8.336065573770492,0.8046750095050488,8.143446375889164
snn,5,4.0,0.8231850117096019,8.817622950819672,0.8045978076462154,8.6870240455285
snn,5,5.0,0.8231850117096019,8.950819672131148,0.804759139664131,8.901671273888534
snn,5,6.0,0.8231850117096019,8.98155737704918,0.8046935216513383,8.979833177825155
snn,6,0.5,0.5850340136054422,2.0654761904761907,0.641483184024631,2.1115352955130287
snn,6,1.0,0.6564625850340136,3.5654761904761907,0.6934177068769,4.018965448624916
snn,6,1.5,0.6757369614512472,5.182539682539683,0.7168860602796999,5.668315655819433
snn,6,2.0,0.7165532879818595,6.484126984126984,0.7243144660942409,6.789569923413551
snn,6,3.0,0.7188208616780045,7.783730158730159,0.7269070252637668,7.986872236903059
snn,6,4.0,0.719954648526077,8.321428571428571,0.7271829608229654,8.464569825803192
snn,6,5.0,0.719954648526077,8.573412698412698,0.725326680310296,8.641952945131841
snn,6,6.0,0.719954648526077,8.672619047619047,0.7274538818770123,8.703071955167616
lda,0,0.5,0.8551020408163266,1.9910714285714286,0.7583114147152075,1.6028012546426365
lda,0,1.0,0.8877551020408163,3.275,0.8266195852259303,2.5937219516650143
lda,0,1.5,0.8989795918367347,4.269642857142857,0.8669719444297934,3.6346659461313187
lda,0,2.0,0.8989795918367347,5.048214285714286,0.8842242826858144,4.49524817614833
lda,0,3.0,0.8989795918367347,6.071428571428571,0.8927957146474577,5.668433291164739
lda,0,4.0,0.9,6.685714285714286,0.893285061527489,6.357049270868859
lda,0,5.0,0.9,6.9375,0.8932660448969398,6.746341906746167
lda,0,6.0,0.9,7.05,0.8937242194021588,6.953833063927797
lda,1,0.5,0.7576112412177987,1.3401639344262295,0.7609248767966389,1.4498203477280784
lda,1,1.0,0.8021077283372365,1.8790983606557377,0.8217851955978952,2.1983271489460665
lda,1,1.5,0.8243559718969555,2.5881147540983607,0.8691725468424087,3.132304000175156
lda,1,2.0,0.8466042154566745,3.235655737704918,0.8985963470231714,4.053716570783962
lda,1,3.0,0.8641686182669789,4.362704918032787,0.9211426565103461,5.546190183783524
lda,1,4.0,0.8793911007025762,5.366803278688525,0.9269991376987363,6.603847954499341
lda,1,5.0,0.8747072599531616,6.141393442622951,0.9281049861505688,7.35533453433209
lda,1,6.0,0.8735362997658079,6.752049180327869,0.9268256635672698,7.882947137261775
lda,2,0.5,0.7811791383219955,1.5555555555555556,0.7488183320827798,1.4304141118739415
lda,2,1.0,0.7902494331065759,2.3988095238095237,0.809987667180651,2.1281655046978183
lda,2,1.5,0.8106575963718821,3.2142857142857144,0.8578249325757016,2.9767689222907863
lda,2,2.0,0.8537414965986394,4.134920634920635,0.886699701156501,3.8023413176515346
lda,2,3.0,0.8503401360544217,5.454365079365079,0.9091007731912675,5.147993379516132
lda,2,4.0,0.8344671201814059,6.432539682539683,0.912959301391155,6.13546387610443
lda,2,5.0,0.8344671201814059,7.053571428571429,0.9145935193176166,6.863265654868721
lda,2,6.0,0.8356009070294785,7.569444444444445,0.9148197700386063,7.385827447427514
lda,3,0.5,0.6699134199134199,1.5246212121212122,0.6682685618599365,1.4637002902277392
lda,3,1.0,0.6915584415584415,2.445075757575758,0.7133020314793657,2.2450611069590396
lda,3,1.5,0.724025974025974,3.647727272727273,0.7509270623709807,3.234145015160103
lda,3,2.0,0.7554112554112554,4.7481060606060606,0.775341612847704,4.221836902456913
lda,3,3.0,0.7478354978354979,6.174242424242424,0.7952658416101107,5.852659588661812
lda,3,4.0,0.7489177489177489,7.399621212121212,0.7994603371217764,7.050866452151396
lda,3,5.0,0.751082251082251,8.284090909090908,0.8030971959219627,7.935994906255943
lda,3,6.0,0.751082251082251,8.875,0.7997533944774661,8.577694360327552
lda,4,0.5,0.7142857142857143,1.4926470588235294,0.691349000650918,1.4411543103815128
lda,4,1.0,0.7153361344537815,2.292279411764706,0.7379327812656052,2.130740202108876
lda,4,1.5,0.7542016806722689,3.056985294117647,0.7714890714445872,2.913837128953779
lda,4,2.0,0.7804621848739495,3.8161764705882355,0.7904507039291179,3.6295309445102752
lda,4,3.0,0.7951680672268908,4.8786764705882355,0.8039781317663866,4.700993441768119
lda,4,4.0,0.7951680672268908,5.470588235294118,0.8067460986207818,5.395852218609631
lda,4,5.0,0.7951680672268908,5.900735294117647,0.8049171268947608,5.850368945030492
lda,4,6.0,0.7951680672268908,6.194852941176471,0.8076820745440247,6.14578963873898
lda,5,0.5,0.7693208430913349,1.625,0.7615851404049016,1.5004513029604378
lda,5,1.0,0.8266978922716628,2.5040983606557377,0.8293638827998544,2.3320758938791326
lda,5,1.5,0.8583138173302108,3.5737704918032787,0.8784272040478025,3.3145274510390714
lda,5,2.0,0.8653395784543325,4.528688524590164,0.9056347495820918,4.236493759935658
lda,5,3.0,0.9016393442622951,6.065573770491803,0.9241896374869489,5.700230414251646
lda,5,4.0,0.9016393442622951,7.141393442622951,0.9274558885005242,6.760825070206225
lda,5,5.0,0.9016393442622951,7.836065573770492,0.9279556584004176,7.528424291874017
lda,5,6.0,0.9016393442622951,8.348360655737705,0.9280314223964561,8.066641095738467
lda,6,0.5,0.7596371882086167,1.3472222222222223,0.7544185070741162,1.4615923206046668
lda,6,1.0,0.8253968253968255,1.992063492063492,0.8170993315092275,2.230188892616811
lda,6,1.5,0.8628117913832198,2.6884920634920637,0.8657938378576323,3.1767651115913442
lda,6,2.0,0.8673469387755102,3.371031746031746,0.895153659468181,4.0968382689537535
lda,6,3.0,0.8877551020408163,4.817460317460317,0.9178758477173562,5.5684803959268985
lda,6,4.0,0.9002267573696144,5.920634920634921,0.9219801208926641,6.604716346851511
lda,6,5.0,0.9013605442176871,6.666666666666667,0.9234170172791454,7.335380467279408
lda,6,6.0,0.9013605442176871,7.194444444444445,0.9235910668513099,7.840238319049086
