rep,snn_mean,snn_sd,lda_mean,lda_sd
1,0.226,0.042,0.403,0.12
2,0.305,0.086,0.52,0.139
3,0.352,0.086,0.591,0.114
4,0.387,0.073,0.639,0.125
5,0.43,0.082,0.714,0.122
6,0.482,0.101,0.747,0.109
7,0.535,0.091,0.802,0.129
8,0.54,0.106,0.78,0.118
9,0.541,0.107,0.795,0.113
10,0.583,0.105,0.805,0.112
11,0.566,0.175,0.949,0.07
12,0.601,0.205,0.978,0.05
13,0.629,0.184,0.978,0.05
14,0.629,0.184,0.956,0.099
15,0.917,0.144,1.0,0.0
16,0.917,0.144,1.0,0.0
17,0.917,0.144,1.0,0.0
18,1.0,0.0,1.0,0.0
19,1.0,0.0,1.0,0.0
20,1.0,0.0,1.0,0.0
21,1.0,0.0,1.0,0.0
22,1.0,0.0,1.0,0.0
23,1.0,0.0,1.0,0.0
24,1.0,0.0,1.0,0.0
25,1.0,0.0,1.0,0.0
26,1.0,0.0,1.0,0.0
27,1.0,0.0,1.0,0.0
28,1.0,0.0,1.0,0.0
29,1.0,,1.0,
30,1.0,,1.0,
31,1.0,,1.0,
32,1.0,,1.0,
33,1.0,,1.0,
34,1.0,,1.0,
35,1.0,,1.0,
36,1.0,,1.0,
37,1.0,,1.0,
38,1.0,,1.0,
39,1.0,,1.0,
40,1.0,,1.0,
41,1.0,,1.0,
42,1.0,,1.0,
