Epoch Fraction,Time Step,Validation AUC,Test AUC
0.1,35,0.5960479429867185,0.6119209588597344
0.2,70,0.528344671201814,0.577259475218659
0.3,105,0.5131195335276968,0.6284418529316489
0.4,140,0.606090055069647,0.6793002915451894
0.5,175,0.6060900550696469,0.7071590540978296
0.6,210,0.5306122448979592,0.5866537091026887
0.7,244,0.43666990605766115,0.550696469063816
0.8,280,0.5289925494007126,0.5834143181081956
0.9,315,0.5792031098153547,0.6640751538710722
1.0,350,0.6929057337220602,0.7570456754130224
