Epoch Fraction,Time Step,Validation Threshold,Validation Youden J,Test ROC-AUC,Test Balanced Accuracy,Test Accuracy,Test Sensitivity,Test Specificity
0.1,35,-3.2426338,0.21768707447498725,0.6119209588597344,0.6020408163265306,0.5178571428571429,0.7142857139455782,0.48979591833402747
0.2,70,-3.3865135,0.1428571424489795,0.577259475218659,0.6258503401360545,0.4166666666666667,0.9047619043310657,0.3469387754866028
0.3,105,-2.2729301,0.13605442143875246,0.6284418529316489,0.6258503401360545,0.4523809523809524,0.8571428567346938,0.394557823102411
0.4,140,-1.4674947,0.3333333329316488,0.6793002915451894,0.6258503401360545,0.5238095238095238,0.7619047615419501,0.48979591833402747
0.5,175,-2.5992405,0.25170067977879573,0.7071590540978296,0.5442176870748299,0.30952380952380953,0.8571428567346938,0.23129251699106854
0.6,210,-0.8164687,0.15646258474154284,0.5866537091026887,0.5952380952380952,0.5773809523809523,0.6190476187528344,0.5714285713896987
0.7,244,-1.0905104,0.04761904733398126,0.550696469063816,0.5816326530612245,0.5178571428571429,0.6666666663492063,0.49659863942200005
0.8,280,-0.7166288,0.197278911249942,0.5834143181081956,0.564625850340136,0.5595238095238095,0.5714285711564626,0.5578231292137535
0.9,315,-0.75246704,0.20408163229904197,0.6640751538710722,0.6394557823129252,0.5119047619047619,0.809523809138322,0.46938775507010966
1.0,350,-0.26615608,0.41496598600675627,0.7570456754130224,0.6870748299319728,0.6666666666666666,0.7142857139455782,0.6598639455333426
